Project_Name,Twitter
Roborovski,https://twitter.com/RoborovskiNFT
Kamitribe,https://twitter.com/KamiTribe
Goopdoods,https://twitter.com/goopdoods
"I like you, you're weird",https://twitter.com/ILYYWNFT
3lander,https://twitter.com/3landersNFT
Super Ordinary Villains,https://twitter.com/SOVillains
Dippies,https://twitter.com/DippiesNFT
Wonderpals,https://twitter.com/WonderPals
Cosmiqs,https://twitter.com/CosmiqsNFT
Skelet Guys,https://twitter.com/SkeletGuys
CatBlox,https://twitter.com/CatBloxStudios
Starcatchers,https://twitter.com/StarcatchersNFT
Rollbots,https://twitter.com/rollbitcom
Edenhorde,https://twitter.com/Edenhorde
Tasty Bones,https://twitter.com/TastyBonesNFT
Dented Feels,https://twitter.com/DentedFeelsNFT
Tales of Tsuki Genesis,https://twitter.com/TsukiNFT
Satoshi Runners,https://twitter.com/SatoshiRunnerz
ALINFT,https://twitter.com/0xALINFT
Rubber Duck Bath Party,https://twitter.com/RubberDuckBP
CartoonsNFT,https://twitter.com/cartoonsnft
The sunnies collection,https://twitter.com/thesunniesnft
Floppy Collection,https://twitter.com/NftFloppy
Clay Friends,https://twitter.com/ClayFriendsNFT
Candy Hunters,https://twitter.com/CandyHuntersNFT
Wabi Sabi Collective Genesis,https://twitter.com/WabiSabiNFT
CHILL RX,https://twitter.com/iamchillpill
Sad Bots Genesis,https://twitter.com/SadBotsNFT
Booze Bears Official,https://twitter.com/BoozeBears
OfficialRuggies,https://twitter.com/RuggiesOfficial
Wave Catchers Official,https://twitter.com/WaveCatchersNFT
Drug Receipts,https://twitter.com/DrugReceipts
AlleyKatzOffocial,https://twitter.com/Alleykatznft
Loser Club Official,https://twitter.com/loserclubreborn
Midlife NFT,https://twitter.com/midlifenft
Antonym GENESIS,https://twitter.com/AntonymNFT
InternetFrens,https://twitter.com/myinternetfrens
Planktoons,https://twitter.com/PlanktoonsNFT
Fortune Friends Club official NFT,https://twitter.com/FortuneFriends_
CryptoWhales (Official),https://twitter.com/whales_nft
Frenly Pandas,https://twitter.com/frenlypandas
